{
    "loss": 0.6191244721412659,
    "accuracy": 0.931034505367279
}